[
  {
    "externalProductId": "1190",
    "productTypeName": "Loan",
    "externalProductKindId": "kind1"
  },
  {
    "externalProductId": "1192",
    "productTypeName": "Loan",
    "externalProductKindId": "kind1"
  },
  {
    "externalProductId": "1193",
    "productTypeName": "Loan",
    "externalProductKindId": "kind1"
  },
  {
    "externalProductId": "1130",
    "productTypeName": "Loan",
    "externalProductKindId": "kind1"
  },
  {
    "externalProductId": "1130",
    "productTypeName": "Loan",
    "externalProductKindId": "kind1"
  },
  {
    "externalProductId": "1132",
    "productTypeName": "Loan",
    "externalProductKindId": "kind1"
  },
  {
    "externalProductId": "11904",
    "productTypeName": "Loan",
    "externalProductKindId": "kind1"
  },
  {
    "externalProductId": "11907",
    "productTypeName": "Loan",
    "externalProductKindId": "kind1"
  },
  {
    "externalProductId": "11909",
    "productTypeName": "Loan",
    "externalProductKindId": "kind1"
  },
  {
    "externalProductId": "11923",
    "productTypeName": "Loan",
    "externalProductKindId": "kind1"
  },
  {
    "externalProductId": "11926",
    "productTypeName": "Loan",
    "externalProductKindId": "kind1"
  },
  {
    "externalProductId": "11932",
    "productTypeName": "Loan",
    "externalProductKindId": "kind1"
  },
  {
    "externalProductId": "11934",
    "productTypeName": "Loan",
    "externalProductKindId": "kind1"
  },
  {
    "externalProductId": "11935",
    "productTypeName": "Loan",
    "externalProductKindId": "kind1"
  },
  {
    "externalProductId": "11945",
    "productTypeName": "Loan",
    "externalProductKindId": "kind1"
  },
  {
    "externalProductId": "11950",
    "productTypeName": "Loan",
    "externalProductKindId": "kind1"
  },
  {
    "externalProductId": "11302",
    "productTypeName": "Loan",
    "externalProductKindId": "kind1"
  },
  {
    "externalProductId": "11314",
    "productTypeName": "Loan",
    "externalProductKindId": "kind1"
  },
  {
    "externalProductId": "11319",
    "productTypeName": "Loan",
    "externalProductKindId": "kind1"
  },
  {
    "externalProductId": "11323",
    "productTypeName": "Loan",
    "externalProductKindId": "kind1"
  },
  {
    "externalProductId": "11325",
    "productTypeName": "Loan",
    "externalProductKindId": "kind1"
  },
  {
    "externalProductId": "11327",
    "productTypeName": "Loan",
    "externalProductKindId": "kind1"
  },
  {
    "externalProductId": "11332",
    "productTypeName": "Loan",
    "externalProductKindId": "kind1"
  },
  {
    "externalProductId": "11338",
    "productTypeName": "Loan",
    "externalProductKindId": "kind1"
  },
  {
    "externalProductId": "11342",
    "productTypeName": "Loan",
    "externalProductKindId": "kind1"
  },
  {
    "externalProductId": "11344",
    "productTypeName": "Loan",
    "externalProductKindId": "kind1"
  },
  {
    "externalProductId": "11350",
    "productTypeName": "Loan",
    "externalProductKindId": "kind1"
  },
  {
    "externalProductId": "11358",
    "productTypeName": "Loan",
    "externalProductKindId": "kind1"
  },
  {
    "externalProductId": "11360",
    "productTypeName": "Loan",
    "externalProductKindId": "kind1"
  },
  {
    "externalProductId": "11360",
    "productTypeName": "Loan",
    "externalProductKindId": "kind1"
  },
  {
    "externalProductId": "11362",
    "productTypeName": "Loan",
    "externalProductKindId": "kind1"
  },
  {
    "externalProductId": "11364",
    "productTypeName": "Loan",
    "externalProductKindId": "kind1"
  },
  {
    "externalProductId": "11370",
    "productTypeName": "Loan",
    "externalProductKindId": "kind1"
  },
  {
    "externalProductId": "11374",
    "productTypeName": "Loan",
    "externalProductKindId": "kind1"
  },
  {
    "externalProductId": "11376",
    "productTypeName": "Loan",
    "externalProductKindId": "kind1"
  },
  {
    "externalProductId": "11388",
    "productTypeName": "Loan",
    "externalProductKindId": "kind1"
  },
  {
    "externalProductId": "11389",
    "productTypeName": "Loan",
    "externalProductKindId": "kind1"
  },
  {
    "externalProductId": "11390",
    "productTypeName": "Loan",
    "externalProductKindId": "kind1"
  },
  {
    "externalProductId": "11399",
    "productTypeName": "Loan",
    "externalProductKindId": "kind1"
  },
  {
    "externalProductId": "11405",
    "productTypeName": "Loan",
    "externalProductKindId": "kind1"
  },
  {
    "externalProductId": "11450",
    "productTypeName": "Loan",
    "externalProductKindId": "kind1"
  },
  {
    "externalProductId": "11605",
    "productTypeName": "Loan",
    "externalProductKindId": "kind1"
  },
  {
    "externalProductId": "11620",
    "productTypeName": "Loan",
    "externalProductKindId": "kind1"
  },
  {
    "externalProductId": "11622",
    "productTypeName": "Loan",
    "externalProductKindId": "kind1"
  },
  {
    "externalProductId": "11700",
    "productTypeName": "Loan",
    "externalProductKindId": "kind1"
  },
  {
    "externalProductId": "11303",
    "productTypeName": "Certificates of Deposit",
    "externalProductKindId": "kind9"
  },
  {
    "externalProductId": "11304",
    "productTypeName": "Certificates of Deposit",
    "externalProductKindId": "kind9"
  },
  {
    "externalProductId": "11305",
    "productTypeName": "Certificates of Deposit",
    "externalProductKindId": "kind9"
  },
  {
    "externalProductId": "11306",
    "productTypeName": "Certificates of Deposit",
    "externalProductKindId": "kind9"
  },
  {
    "externalProductId": "11307",
    "productTypeName": "Certificates of Deposit",
    "externalProductKindId": "kind9"
  },
  {
    "externalProductId": "11308",
    "productTypeName": "Certificates of Deposit",
    "externalProductKindId": "kind9"
  },
  {
    "externalProductId": "11309",
    "productTypeName": "Certificates of Deposit",
    "externalProductKindId": "kind9"
  },
  {
    "externalProductId": "11310",
    "productTypeName": "Certificates of Deposit",
    "externalProductKindId": "kind9"
  },
  {
    "externalProductId": "11310",
    "productTypeName": "Certificates of Deposit",
    "externalProductKindId": "kind9"
  },
  {
    "externalProductId": "11312",
    "productTypeName": "Certificates of Deposit",
    "externalProductKindId": "kind9"
  },
  {
    "externalProductId": "11313",
    "productTypeName": "Certificates of Deposit",
    "externalProductKindId": "kind9"
  },
  {
    "externalProductId": "11315",
    "productTypeName": "Certificates of Deposit",
    "externalProductKindId": "kind9"
  },
  {
    "externalProductId": "11316",
    "productTypeName": "Certificates of Deposit",
    "externalProductKindId": "kind9"
  },
  {
    "externalProductId": "11317",
    "productTypeName": "Certificates of Deposit",
    "externalProductKindId": "kind9"
  },
  {
    "externalProductId": "11318",
    "productTypeName": "Certificates of Deposit",
    "externalProductKindId": "kind9"
  },
  {
    "externalProductId": "11320",
    "productTypeName": "Certificates of Deposit",
    "externalProductKindId": "kind9"
  },
  {
    "externalProductId": "11320",
    "productTypeName": "Certificates of Deposit",
    "externalProductKindId": "kind9"
  },
  {
    "externalProductId": "11322",
    "productTypeName": "Certificates of Deposit",
    "externalProductKindId": "kind9"
  },
  {
    "externalProductId": "11324",
    "productTypeName": "Certificates of Deposit",
    "externalProductKindId": "kind9"
  },
  {
    "externalProductId": "11326",
    "productTypeName": "Certificates of Deposit",
    "externalProductKindId": "kind9"
  },
  {
    "externalProductId": "11329",
    "productTypeName": "Certificates of Deposit",
    "externalProductKindId": "kind9"
  },
  {
    "externalProductId": "11330",
    "productTypeName": "Certificates of Deposit",
    "externalProductKindId": "kind9"
  },
  {
    "externalProductId": "11330",
    "productTypeName": "Certificates of Deposit",
    "externalProductKindId": "kind9"
  },
  {
    "externalProductId": "11333",
    "productTypeName": "Certificates of Deposit",
    "externalProductKindId": "kind9"
  },
  {
    "externalProductId": "11336",
    "productTypeName": "Certificates of Deposit",
    "externalProductKindId": "kind9"
  },
  {
    "externalProductId": "11337",
    "productTypeName": "Certificates of Deposit",
    "externalProductKindId": "kind9"
  },
  {
    "externalProductId": "11348",
    "productTypeName": "Certificates of Deposit",
    "externalProductKindId": "kind9"
  },
  {
    "externalProductId": "11349",
    "productTypeName": "Certificates of Deposit",
    "externalProductKindId": "kind9"
  },
  {
    "externalProductId": "11366",
    "productTypeName": "Certificates of Deposit",
    "externalProductKindId": "kind9"
  },
  {
    "externalProductId": "11398",
    "productTypeName": "Certificates of Deposit",
    "externalProductKindId": "kind9"
  },
  {
    "externalProductId": "11406",
    "productTypeName": "Certificates of Deposit",
    "externalProductKindId": "kind9"
  },
  {
    "externalProductId": "11407",
    "productTypeName": "Certificates of Deposit",
    "externalProductKindId": "kind9"
  },
  {
    "externalProductId": "11408",
    "productTypeName": "Certificates of Deposit",
    "externalProductKindId": "kind9"
  },
  {
    "externalProductId": "11409",
    "productTypeName": "Certificates of Deposit",
    "externalProductKindId": "kind9"
  },
  {
    "externalProductId": "11410",
    "productTypeName": "Certificates of Deposit",
    "externalProductKindId": "kind9"
  },
  {
    "externalProductId": "11412",
    "productTypeName": "Certificates of Deposit",
    "externalProductKindId": "kind9"
  },
  {
    "externalProductId": "11413",
    "productTypeName": "Certificates of Deposit",
    "externalProductKindId": "kind9"
  },
  {
    "externalProductId": "11414",
    "productTypeName": "Certificates of Deposit",
    "externalProductKindId": "kind9"
  },
  {
    "externalProductId": "11415",
    "productTypeName": "Certificates of Deposit",
    "externalProductKindId": "kind9"
  },
  {
    "externalProductId": "11416",
    "productTypeName": "Certificates of Deposit",
    "externalProductKindId": "kind9"
  },
  {
    "externalProductId": "11417",
    "productTypeName": "Certificates of Deposit",
    "externalProductKindId": "kind9"
  },
  {
    "externalProductId": "11418",
    "productTypeName": "Certificates of Deposit",
    "externalProductKindId": "kind9"
  },
  {
    "externalProductId": "11419",
    "productTypeName": "Certificates of Deposit",
    "externalProductKindId": "kind9"
  },
  {
    "externalProductId": "11420",
    "productTypeName": "Certificates of Deposit",
    "externalProductKindId": "kind9"
  },
  {
    "externalProductId": "11420",
    "productTypeName": "Certificates of Deposit",
    "externalProductKindId": "kind9"
  },
  {
    "externalProductId": "11422",
    "productTypeName": "Certificates of Deposit",
    "externalProductKindId": "kind9"
  },
  {
    "externalProductId": "11423",
    "productTypeName": "Certificates of Deposit",
    "externalProductKindId": "kind9"
  },
  {
    "externalProductId": "11424",
    "productTypeName": "Certificates of Deposit",
    "externalProductKindId": "kind9"
  },
  {
    "externalProductId": "11425",
    "productTypeName": "Certificates of Deposit",
    "externalProductKindId": "kind9"
  },
  {
    "externalProductId": "11436",
    "productTypeName": "Certificates of Deposit",
    "externalProductKindId": "kind9"
  },
  {
    "externalProductId": "11448",
    "productTypeName": "Certificates of Deposit",
    "externalProductKindId": "kind9"
  },
  {
    "externalProductId": "11460",
    "productTypeName": "Certificates of Deposit",
    "externalProductKindId": "kind9"
  },
  {
    "externalProductId": "11462",
    "productTypeName": "Certificates of Deposit",
    "externalProductKindId": "kind9"
  },
  {
    "externalProductId": "11466",
    "productTypeName": "Certificates of Deposit",
    "externalProductKindId": "kind9"
  },
  {
    "externalProductId": "11490",
    "productTypeName": "Certificates of Deposit",
    "externalProductKindId": "kind9"
  },
  {
    "externalProductId": "11499",
    "productTypeName": "Certificates of Deposit",
    "externalProductKindId": "kind9"
  },
  {
    "externalProductId": "11500",
    "productTypeName": "Certificates of Deposit",
    "externalProductKindId": "kind9"
  },
  {
    "externalProductId": "11502",
    "productTypeName": "Certificates of Deposit",
    "externalProductKindId": "kind9"
  },
  {
    "externalProductId": "11503",
    "productTypeName": "Certificates of Deposit",
    "externalProductKindId": "kind9"
  },
  {
    "externalProductId": "11504",
    "productTypeName": "Certificates of Deposit",
    "externalProductKindId": "kind9"
  },
  {
    "externalProductId": "11505",
    "productTypeName": "Certificates of Deposit",
    "externalProductKindId": "kind9"
  },
  {
    "externalProductId": "11506",
    "productTypeName": "Certificates of Deposit",
    "externalProductKindId": "kind9"
  },
  {
    "externalProductId": "11509",
    "productTypeName": "Certificates of Deposit",
    "externalProductKindId": "kind9"
  },
  {
    "externalProductId": "11512",
    "productTypeName": "Certificates of Deposit",
    "externalProductKindId": "kind9"
  },
  {
    "externalProductId": "11518",
    "productTypeName": "Certificates of Deposit",
    "externalProductKindId": "kind9"
  },
  {
    "externalProductId": "11524",
    "productTypeName": "Certificates of Deposit",
    "externalProductKindId": "kind9"
  },
  {
    "externalProductId": "11536",
    "productTypeName": "Certificates of Deposit",
    "externalProductKindId": "kind9"
  },
  {
    "externalProductId": "11548",
    "productTypeName": "Certificates of Deposit",
    "externalProductKindId": "kind9"
  },
  {
    "externalProductId": "11560",
    "productTypeName": "Certificates of Deposit",
    "externalProductKindId": "kind9"
  },
  {
    "externalProductId": "11606",
    "productTypeName": "Certificates of Deposit",
    "externalProductKindId": "kind9"
  },
  {
    "externalProductId": "11612",
    "productTypeName": "Certificates of Deposit",
    "externalProductKindId": "kind9"
  },
  {
    "externalProductId": "11618",
    "productTypeName": "Certificates of Deposit",
    "externalProductKindId": "kind9"
  },
  {
    "externalProductId": "11624",
    "productTypeName": "Certificates of Deposit",
    "externalProductKindId": "kind9"
  },
  {
    "externalProductId": "11625",
    "productTypeName": "Certificates of Deposit",
    "externalProductKindId": "kind9"
  },
  {
    "externalProductId": "11626",
    "productTypeName": "Certificates of Deposit",
    "externalProductKindId": "kind9"
  },
  {
    "externalProductId": "11627",
    "productTypeName": "Certificates of Deposit",
    "externalProductKindId": "kind9"
  },
  {
    "externalProductId": "11628",
    "productTypeName": "Certificates of Deposit",
    "externalProductKindId": "kind9"
  },
  {
    "externalProductId": "11629",
    "productTypeName": "Certificates of Deposit",
    "externalProductKindId": "kind9"
  },
  {
    "externalProductId": "11630",
    "productTypeName": "Certificates of Deposit",
    "externalProductKindId": "kind9"
  },
  {
    "externalProductId": "11630",
    "productTypeName": "Certificates of Deposit",
    "externalProductKindId": "kind9"
  },
  {
    "externalProductId": "11636",
    "productTypeName": "Certificates of Deposit",
    "externalProductKindId": "kind9"
  },
  {
    "externalProductId": "11648",
    "productTypeName": "Certificates of Deposit",
    "externalProductKindId": "kind9"
  },
  {
    "externalProductId": "11660",
    "productTypeName": "Certificates of Deposit",
    "externalProductKindId": "kind9"
  },
  {
    "externalProductId": "11706",
    "productTypeName": "Certificates of Deposit",
    "externalProductKindId": "kind9"
  },
  {
    "externalProductId": "11712",
    "productTypeName": "Certificates of Deposit",
    "externalProductKindId": "kind9"
  },
  {
    "externalProductId": "11718",
    "productTypeName": "Certificates of Deposit",
    "externalProductKindId": "kind9"
  },
  {
    "externalProductId": "11724",
    "productTypeName": "Certificates of Deposit",
    "externalProductKindId": "kind9"
  },
  {
    "externalProductId": "11736",
    "productTypeName": "Certificates of Deposit",
    "externalProductKindId": "kind9"
  },
  {
    "externalProductId": "11998",
    "productTypeName": "Certificates of Deposit",
    "externalProductKindId": "kind9"
  },
  {
    "externalProductId": "11999",
    "productTypeName": "Certificates of Deposit",
    "externalProductKindId": "kind9"
  },
  {
    "externalProductId": "1109",
    "productTypeName": "Savings",
    "externalProductKindId": "kind2"
  },
  {
    "externalProductId": "1110",
    "productTypeName": "Savings",
    "externalProductKindId": "kind2"
  },
  {
    "externalProductId": "1112",
    "productTypeName": "Savings",
    "externalProductKindId": "kind2"
  },
  {
    "externalProductId": "1113",
    "productTypeName": "Savings",
    "externalProductKindId": "kind2"
  },
  {
    "externalProductId": "1114",
    "productTypeName": "Savings",
    "externalProductKindId": "kind2"
  },
  {
    "externalProductId": "1115",
    "productTypeName": "Savings",
    "externalProductKindId": "kind2"
  },
  {
    "externalProductId": "1165",
    "productTypeName": "Savings",
    "externalProductKindId": "kind2"
  },
  {
    "externalProductId": "1167",
    "productTypeName": "Savings",
    "externalProductKindId": "kind2"
  },
  {
    "externalProductId": "1169",
    "productTypeName": "Savings",
    "externalProductKindId": "kind2"
  },
  {
    "externalProductId": "11500",
    "productTypeName": "Money Market",
    "externalProductKindId": "kind7"
  },
  {
    "externalProductId": "11510",
    "productTypeName": "Checking",
    "externalProductKindId": "kind0"
  },
  {
    "externalProductId": "11559",
    "productTypeName": "Checking",
    "externalProductKindId": "kind0"
  },
  {
    "externalProductId": "11560",
    "productTypeName": "Checking",
    "externalProductKindId": "kind0"
  },
  {
    "externalProductId": "11562",
    "productTypeName": "Checking",
    "externalProductKindId": "kind0"
  },
  {
    "externalProductId": "11566",
    "productTypeName": "Money Market",
    "externalProductKindId": "kind7"
  },
  {
    "externalProductId": "11567",
    "productTypeName": "Checking",
    "externalProductKindId": "kind0"
  },
  {
    "externalProductId": "11568",
    "productTypeName": "Money Market",
    "externalProductKindId": "kind7"
  },
  {
    "externalProductId": "11569",
    "productTypeName": "Money Market",
    "externalProductKindId": "kind7"
  },
  {
    "externalProductId": "11570",
    "productTypeName": "Checking",
    "externalProductKindId": "kind0"
  },
  {
    "externalProductId": "11570",
    "productTypeName": "Checking",
    "externalProductKindId": "kind0"
  },
  {
    "externalProductId": "11572",
    "productTypeName": "Money Market",
    "externalProductKindId": "kind7"
  },
  {
    "externalProductId": "11640",
    "productTypeName": "Checking",
    "externalProductKindId": "kind0"
  },
  {
    "externalProductId": "11642",
    "productTypeName": "Checking",
    "externalProductKindId": "kind0"
  },
  {
    "externalProductId": "11643",
    "productTypeName": "Checking",
    "externalProductKindId": "kind0"
  },
  {
    "externalProductId": "11644",
    "productTypeName": "Checking",
    "externalProductKindId": "kind0"
  },
  {
    "externalProductId": "11645",
    "productTypeName": "Checking",
    "externalProductKindId": "kind0"
  },
  {
    "externalProductId": "11650",
    "productTypeName": "Checking",
    "externalProductKindId": "kind0"
  },
  {
    "externalProductId": "11650",
    "productTypeName": "Checking",
    "externalProductKindId": "kind0"
  },
  {
    "externalProductId": "11654",
    "productTypeName": "Checking",
    "externalProductKindId": "kind0"
  },
  {
    "externalProductId": "11655",
    "productTypeName": "Checking",
    "externalProductKindId": "kind0"
  },
  {
    "externalProductId": "11658",
    "productTypeName": "Checking",
    "externalProductKindId": "kind0"
  },
  {
    "externalProductId": "11659",
    "productTypeName": "Checking",
    "externalProductKindId": "kind0"
  },
  {
    "externalProductId": "11660",
    "productTypeName": "Checking",
    "externalProductKindId": "kind0"
  },
  {
    "externalProductId": "11662",
    "productTypeName": "Checking",
    "externalProductKindId": "kind0"
  },
  {
    "externalProductId": "11666",
    "productTypeName": "Checking",
    "externalProductKindId": "kind0"
  },
  {
    "externalProductId": "11669",
    "productTypeName": "Checking",
    "externalProductKindId": "kind0"
  },
  {
    "externalProductId": "11670",
    "productTypeName": "Checking",
    "externalProductKindId": "kind0"
  },
  {
    "externalProductId": "11670",
    "productTypeName": "Checking",
    "externalProductKindId": "kind0"
  },
  {
    "externalProductId": "11672",
    "productTypeName": "Checking",
    "externalProductKindId": "kind0"
  },
  {
    "externalProductId": "11673",
    "productTypeName": "Checking",
    "externalProductKindId": "kind0"
  },
  {
    "externalProductId": "11674",
    "productTypeName": "Checking",
    "externalProductKindId": "kind0"
  },
  {
    "externalProductId": "11675",
    "productTypeName": "Checking",
    "externalProductKindId": "kind0"
  },
  {
    "externalProductId": "11676",
    "productTypeName": "Checking",
    "externalProductKindId": "kind0"
  },
  {
    "externalProductId": "11680",
    "productTypeName": "Checking",
    "externalProductKindId": "kind0"
  },
  {
    "externalProductId": "11680",
    "productTypeName": "Checking",
    "externalProductKindId": "kind0"
  },
  {
    "externalProductId": "11683",
    "productTypeName": "Checking",
    "externalProductKindId": "kind0"
  },
  {
    "externalProductId": "11690",
    "productTypeName": "Checking",
    "externalProductKindId": "kind0"
  },
  {
    "externalProductId": "11690",
    "productTypeName": "Checking",
    "externalProductKindId": "kind0"
  },
  {
    "externalProductId": "11693",
    "productTypeName": "Checking",
    "externalProductKindId": "kind0"
  },
  {
    "externalProductId": "11696",
    "productTypeName": "Checking",
    "externalProductKindId": "kind0"
  },
  {
    "externalProductId": "11708",
    "productTypeName": "Checking",
    "externalProductKindId": "kind0"
  },
  {
    "externalProductId": "11720",
    "productTypeName": "Checking",
    "externalProductKindId": "kind0"
  },
  {
    "externalProductId": "11722",
    "productTypeName": "Checking",
    "externalProductKindId": "kind0"
  },
  {
    "externalProductId": "11726",
    "productTypeName": "Checking",
    "externalProductKindId": "kind0"
  },
  {
    "externalProductId": "11730",
    "productTypeName": "Checking",
    "externalProductKindId": "kind0"
  },
  {
    "externalProductId": "11730",
    "productTypeName": "Checking",
    "externalProductKindId": "kind0"
  },
  {
    "externalProductId": "11732",
    "productTypeName": "Checking",
    "externalProductKindId": "kind0"
  },
  {
    "externalProductId": "11733",
    "productTypeName": "Checking",
    "externalProductKindId": "kind0"
  },
  {
    "externalProductId": "11734",
    "productTypeName": "Checking",
    "externalProductKindId": "kind0"
  },
  {
    "externalProductId": "11735",
    "productTypeName": "Checking",
    "externalProductKindId": "kind0"
  },
  {
    "externalProductId": "11740",
    "productTypeName": "Checking",
    "externalProductKindId": "kind0"
  },
  {
    "externalProductId": "11740",
    "productTypeName": "Checking",
    "externalProductKindId": "kind0"
  },
  {
    "externalProductId": "11742",
    "productTypeName": "Checking",
    "externalProductKindId": "kind0"
  },
  {
    "externalProductId": "11743",
    "productTypeName": "Checking",
    "externalProductKindId": "kind0"
  },
  {
    "externalProductId": "11744",
    "productTypeName": "Checking",
    "externalProductKindId": "kind0"
  },
  {
    "externalProductId": "11745",
    "productTypeName": "Checking",
    "externalProductKindId": "kind0"
  },
  {
    "externalProductId": "11746",
    "productTypeName": "Checking",
    "externalProductKindId": "kind0"
  },
  {
    "externalProductId": "11747",
    "productTypeName": "Checking",
    "externalProductKindId": "kind0"
  },
  {
    "externalProductId": "11748",
    "productTypeName": "Checking",
    "externalProductKindId": "kind0"
  },
  {
    "externalProductId": "11750",
    "productTypeName": "Checking",
    "externalProductKindId": "kind0"
  },
  {
    "externalProductId": "11752",
    "productTypeName": "Checking",
    "externalProductKindId": "kind0"
  },
  {
    "externalProductId": "11753",
    "productTypeName": "Checking",
    "externalProductKindId": "kind0"
  },
  {
    "externalProductId": "11754",
    "productTypeName": "Checking",
    "externalProductKindId": "kind0"
  },
  {
    "externalProductId": "11755",
    "productTypeName": "Checking",
    "externalProductKindId": "kind0"
  },
  {
    "externalProductId": "11756",
    "productTypeName": "Checking",
    "externalProductKindId": "kind0"
  },
  {
    "externalProductId": "11757",
    "productTypeName": "Checking",
    "externalProductKindId": "kind0"
  },
  {
    "externalProductId": "11758",
    "productTypeName": "Checking",
    "externalProductKindId": "kind0"
  },
  {
    "externalProductId": "11759",
    "productTypeName": "Checking",
    "externalProductKindId": "kind0"
  },
  {
    "externalProductId": "11760",
    "productTypeName": "Checking",
    "externalProductKindId": "kind0"
  },
  {
    "externalProductId": "11760",
    "productTypeName": "Checking",
    "externalProductKindId": "kind0"
  },
  {
    "externalProductId": "11762",
    "productTypeName": "Checking",
    "externalProductKindId": "kind0"
  },
  {
    "externalProductId": "11763",
    "productTypeName": "Checking",
    "externalProductKindId": "kind0"
  },
  {
    "externalProductId": "11764",
    "productTypeName": "Checking",
    "externalProductKindId": "kind0"
  },
  {
    "externalProductId": "11765",
    "productTypeName": "Checking",
    "externalProductKindId": "kind0"
  },
  {
    "externalProductId": "11766",
    "productTypeName": "Checking",
    "externalProductKindId": "kind0"
  },
  {
    "externalProductId": "11770",
    "productTypeName": "Checking",
    "externalProductKindId": "kind0"
  },
  {
    "externalProductId": "11772",
    "productTypeName": "Checking",
    "externalProductKindId": "kind0"
  },
  {
    "externalProductId": "11778",
    "productTypeName": "Checking",
    "externalProductKindId": "kind0"
  },
  {
    "externalProductId": "11779",
    "productTypeName": "Checking",
    "externalProductKindId": "kind0"
  },
  {
    "externalProductId": "11780",
    "productTypeName": "Checking",
    "externalProductKindId": "kind0"
  },
  {
    "externalProductId": "11780",
    "productTypeName": "Checking",
    "externalProductKindId": "kind0"
  },
  {
    "externalProductId": "11784",
    "productTypeName": "Checking",
    "externalProductKindId": "kind0"
  },
  {
    "externalProductId": "11785",
    "productTypeName": "Checking",
    "externalProductKindId": "kind0"
  },
  {
    "externalProductId": "11786",
    "productTypeName": "Checking",
    "externalProductKindId": "kind0"
  },
  {
    "externalProductId": "11790",
    "productTypeName": "Checking",
    "externalProductKindId": "kind0"
  },
  {
    "externalProductId": "11792",
    "productTypeName": "Checking",
    "externalProductKindId": "kind0"
  },
  {
    "externalProductId": "11793",
    "productTypeName": "Checking",
    "externalProductKindId": "kind0"
  },
  {
    "externalProductId": "11794",
    "productTypeName": "Checking",
    "externalProductKindId": "kind0"
  },
  {
    "externalProductId": "11795",
    "productTypeName": "Checking",
    "externalProductKindId": "kind0"
  },
  {
    "externalProductId": "11796",
    "productTypeName": "Checking",
    "externalProductKindId": "kind0"
  },
  {
    "externalProductId": "11797",
    "productTypeName": "Checking",
    "externalProductKindId": "kind0"
  },
  {
    "externalProductId": "11800",
    "productTypeName": "Money Market",
    "externalProductKindId": "kind7"
  },
  {
    "externalProductId": "11803",
    "productTypeName": "Money Market",
    "externalProductKindId": "kind7"
  },
  {
    "externalProductId": "11805",
    "productTypeName": "Money Market",
    "externalProductKindId": "kind7"
  },
  {
    "externalProductId": "11806",
    "productTypeName": "Money Market",
    "externalProductKindId": "kind7"
  },
  {
    "externalProductId": "11812",
    "productTypeName": "Money Market",
    "externalProductKindId": "kind7"
  },
  {
    "externalProductId": "11813",
    "productTypeName": "Money Market",
    "externalProductKindId": "kind7"
  },
  {
    "externalProductId": "11814",
    "productTypeName": "Money Market",
    "externalProductKindId": "kind7"
  },
  {
    "externalProductId": "11815",
    "productTypeName": "Money Market",
    "externalProductKindId": "kind7"
  },
  {
    "externalProductId": "11819",
    "productTypeName": "Money Market",
    "externalProductKindId": "kind7"
  },
  {
    "externalProductId": "11823",
    "productTypeName": "Money Market",
    "externalProductKindId": "kind7"
  },
  {
    "externalProductId": "11824",
    "productTypeName": "Money Market",
    "externalProductKindId": "kind7"
  },
  {
    "externalProductId": "11825",
    "productTypeName": "Money Market",
    "externalProductKindId": "kind7"
  },
  {
    "externalProductId": "11826",
    "productTypeName": "Money Market",
    "externalProductKindId": "kind7"
  },
  {
    "externalProductId": "11827",
    "productTypeName": "Money Market",
    "externalProductKindId": "kind7"
  },
  {
    "externalProductId": "11828",
    "productTypeName": "Money Market",
    "externalProductKindId": "kind7"
  },
  {
    "externalProductId": "11829",
    "productTypeName": "Money Market",
    "externalProductKindId": "kind7"
  },
  {
    "externalProductId": "11830",
    "productTypeName": "Money Market",
    "externalProductKindId": "kind7"
  },
  {
    "externalProductId": "11830",
    "productTypeName": "Money Market",
    "externalProductKindId": "kind7"
  },
  {
    "externalProductId": "11832",
    "productTypeName": "Money Market",
    "externalProductKindId": "kind7"
  },
  {
    "externalProductId": "11833",
    "productTypeName": "Money Market",
    "externalProductKindId": "kind7"
  },
  {
    "externalProductId": "11834",
    "productTypeName": "Money Market",
    "externalProductKindId": "kind7"
  },
  {
    "externalProductId": "11838",
    "productTypeName": "Money Market",
    "externalProductKindId": "kind7"
  },
  {
    "externalProductId": "11839",
    "productTypeName": "Money Market",
    "externalProductKindId": "kind7"
  },
  {
    "externalProductId": "11840",
    "productTypeName": "Money Market",
    "externalProductKindId": "kind7"
  },
  {
    "externalProductId": "11842",
    "productTypeName": "Money Market",
    "externalProductKindId": "kind7"
  },
  {
    "externalProductId": "11843",
    "productTypeName": "Money Market",
    "externalProductKindId": "kind7"
  },
  {
    "externalProductId": "11844",
    "productTypeName": "Money Market",
    "externalProductKindId": "kind7"
  },
  {
    "externalProductId": "11850",
    "productTypeName": "Money Market",
    "externalProductKindId": "kind7"
  },
  {
    "externalProductId": "11852",
    "productTypeName": "Money Market",
    "externalProductKindId": "kind7"
  },
  {
    "externalProductId": "11853",
    "productTypeName": "Money Market",
    "externalProductKindId": "kind7"
  },
  {
    "externalProductId": "11854",
    "productTypeName": "Money Market",
    "externalProductKindId": "kind7"
  },
  {
    "externalProductId": "11855",
    "productTypeName": "Money Market",
    "externalProductKindId": "kind7"
  },
  {
    "externalProductId": "11856",
    "productTypeName": "Money Market",
    "externalProductKindId": "kind7"
  },
  {
    "externalProductId": "11857",
    "productTypeName": "Money Market",
    "externalProductKindId": "kind7"
  },
  {
    "externalProductId": "11858",
    "productTypeName": "Money Market",
    "externalProductKindId": "kind7"
  },
  {
    "externalProductId": "11860",
    "productTypeName": "Money Market",
    "externalProductKindId": "kind7"
  },
  {
    "externalProductId": "11860",
    "productTypeName": "Money Market",
    "externalProductKindId": "kind7"
  },
  {
    "externalProductId": "11862",
    "productTypeName": "Money Market",
    "externalProductKindId": "kind7"
  },
  {
    "externalProductId": "11865",
    "productTypeName": "Money Market",
    "externalProductKindId": "kind7"
  },
  {
    "externalProductId": "11866",
    "productTypeName": "Money Market",
    "externalProductKindId": "kind7"
  },
  {
    "externalProductId": "11867",
    "productTypeName": "Money Market",
    "externalProductKindId": "kind7"
  },
  {
    "externalProductId": "11868",
    "productTypeName": "Money Market",
    "externalProductKindId": "kind7"
  },
  {
    "externalProductId": "11869",
    "productTypeName": "Money Market",
    "externalProductKindId": "kind7"
  },
  {
    "externalProductId": "11870",
    "productTypeName": "Money Market",
    "externalProductKindId": "kind7"
  },
  {
    "externalProductId": "11870",
    "productTypeName": "Money Market",
    "externalProductKindId": "kind7"
  },
  {
    "externalProductId": "11872",
    "productTypeName": "Money Market",
    "externalProductKindId": "kind7"
  },
  {
    "externalProductId": "11873",
    "productTypeName": "Money Market",
    "externalProductKindId": "kind7"
  },
  {
    "externalProductId": "11880",
    "productTypeName": "Money Market",
    "externalProductKindId": "kind7"
  },
  {
    "externalProductId": "11890",
    "productTypeName": "Money Market",
    "externalProductKindId": "kind7"
  },
  {
    "externalProductId": "11894",
    "productTypeName": "Money Market",
    "externalProductKindId": "kind7"
  },
  {
    "externalProductId": "11895",
    "productTypeName": "Money Market",
    "externalProductKindId": "kind7"
  },
  {
    "externalProductId": "11990",
    "productTypeName": "Savings",
    "externalProductKindId": "kind2"
  }
]